软件度量的维度有哪些,三个维度
软件度量的维度有几个,三个维度
白盒测试的具体方法是什么,三步法
α测试之后是什么,下一阶段
α测试完成之后需要做什么,下一阶段
编译不关心程序的逻辑,不检查
软件开发培养什么样的人才,专业培养
软件开发需要什么样的人,专业培养
它又叫什么,中文名
它是什么,中文名
它用中文怎么说,中文名
它用汉语怎么说,中文名
它主要描述什么,主旨
它主要表达什么,主旨
它的主要目标是什么,主旨
它主要描述什么,主要内容
它主要表达什么,主要内容
它是什么,主要内容
概括一下它,主要内容
简要描述一下它,主要内容
它主要能做什么,主要功能
它能做什么,主要功能
它能用来干什么,主要功能
端到端测试主要干什么,主要活动
有限状态自动机的特点是什么,主要特点
词法分析器的特点是什么,主要特点
逆向工程都能用来干什么,产生动机
为什么会产生逆向工程的概念,产生动机
为什么会产生边界值分析的概念,产生原因
α测试意味着,代表
结对编程有哪些优点,优势
结对编程有哪些好处,优势
它有哪些优势,优点
它带来了哪些好处,优点
它能用来干什么,作用
集成测试使用什么技术,使用技术
使用判定表驱动法有什么前提条件,使用条件
接口测试在哪些情况使用,使用范围
端到端测试在哪个阶段使用,使用阶段
单元测试在哪个阶段使用,使用阶段
端到端测试在什么时候使用,使用阶段
单元测试在什么时候使用,使用阶段
它参照什么,依据
它具体怎么做,做法
它具体怎么实现,做法
它有哪些实现细节,做法
容量测试在什么时候可以停止,停止条件
它是什么的缩写,全称
它全名叫什么,全称
动态分析是什么时候公布的,公布时间
它的数学表达式是什么,公式
它用数学表达,公式
它怎样定量描述,公式
测试计划的要素是什么,六要素
测试计划有哪些要素,六要素
测试计划有哪些必要因素,六要素
它的核心内容是什么,关键
它最重要的点是什么,关键
它的关键点有哪些,关键
它的核心内容是什么,关键点
它最重要的点是什么,关键点
它的关键是什么,关键点
它有哪些具体的方法,具体方法
具体操作是什么,具体方法
想要实现它具体应该怎么做,具体方法
它的方法有哪些,具体方法
表达式分析具体用来检测哪些错误,具体方面
有哪些典型的需要用表达式分析的错误,具体方面
它包括什么,内容
它是什么,内容
操作前需要做些什么,准备工作
需要准备什么,准备工作
在此之前需要做哪些工作,准备工作
黑盒测试的起点是什么,出发点
黑盒测试最主要的动机,出发点
黑盒测试的着眼点,出发点
域欺骗的概念是什么时间产生的,出现
网络端性能测试用什么工具分析,分析工具
具体分为哪些,分类
有哪些具体类型,分类
等价类划分有哪些方法,划分方法
谁发明的变异测试,创始人
谁创造的变异测试的概念,创始人
软件兼容,判别
编译器又叫做什么,别称
回归测试需要有什么,前提
进行集成测试之前必须要完成什么,前提
α测试需要提前准备什么,前提条件
能用来干什么,功能
包括什么,包含
包括哪些内容,包含
包含什么,包括
包含哪些内容,包括
静态程序分析有哪些应用,医疗软件应用
词法分析器的主要工作理论是什么,原理
源程序静态分析是什么,原理
源程序静态分析的主要概念是什么,原理
软件度量有哪些具体内容,取向
单元测试对谁有好处,受益人
结对编程有什么新的形式,变体
基于结对编程演化出来的其他编程方式是什么,变体
它的定义是什么,含义
软件开发是什么,含义
这是一种什么行为,含义
这指的是什么,含义
它的用途是什么,商业用途
它的四个步骤是,四步走
它面临着哪些困难,困境
在国内的现状是什么,国内现状
以什么为基础,基于
基本的宗旨是什么,基本宗旨
本着什么样的原则,基本宗旨
基本的步骤是什么,基本步骤
有哪些步骤,基本步骤
基本的结构是什么,基本结构
基础的结构是什么,基本结构
基线的类型是,基线类型
它可以处理哪些内容,处理内容
它的英文名是什么,外文名
用英语怎么说,外文名
有哪些优点,好处
可以带来哪些便利,好处
它包含了哪些过程,子过程
存储在什么介质上,存储介质
存储在什么东西上,存储介质
以什么样的形式存在,存在形式
它是哪个知识领域的,学科
它属于哪个科目,学科
学术上它隶属于哪个门类,学科
它的标准有哪些,完成标准
哪些标准表明该任务顺利完成,完成标准
达到什么标准可以称这项任务以及完成,完成标准
它的含义是什么,定义
它是什么意思,定义
它是什么,定义
怎么解释这个概念,定义
可以用一句话来描述它吗,定义
它的内容是什么,定义
简要概括它,定义
定义的来源是什么,定义来源
谁最先确定的这个定义,定义来源
举个例子,实例
实际生活中的例子有哪些,实例
谁执行任务,实施人
谁来完成这项工作,实施人
实现的方式有哪些,实现方式
它本质上是一种什么工作,实质
它的目标是什么,对象
它主要针对什么,对象
它做什么工作,工作内容
它工作的内容是什么,工作内容
用什么方法完成这项任务,工作方法
它使用的数据库是什么,常用数据库
有哪些常见的漏洞,常见漏洞
有哪些应用场景,应用
它可以应用于哪些场景,应用场景
它可以应用于哪些学科,应用学科
它有哪些应用方向,应用方向
应用的领域包括,应用领域
它的工具有哪些,开发工具
它是用什么语言开发的,开发语言
它在什么时间开始,开始于
有哪些异常的情况,异常情况
会有哪些不正常的情况发生,异常情况
在进行这项工作之前必须要做什么准备,必要准备
在进行这项工作之前必须要做哪些准备,必要准备
在进行这项工作之前必须要做什么工作来进行准备,必要准备
进行这项工作的前提条件是什么,必要准备
忽略什么内容,忽视
它的含义是什么,概念
它是什么意思,概念
它是什么,概念
怎么解释它,概念
可以用一句话来描述它吗,概念
它的内容是什么,概念
简要概括它,概念
需要注意什么,注意点
需要注意什么,注重于
它有哪些特点,特征
它有哪些特性,特征
它有哪些特别之处,特征
它有哪些特点,特性
它有哪些特征,特性
它有哪些特别之处,特性
它有哪些特性,特点
它有哪些特征,特点
它有哪些特别之处,特点
可以用来干什么,用途
它是用来做什么的,目的
它最关注什么,着眼于
它从什么出发,着眼于
它有哪些阶段分别是什么,第一阶段
它有哪些阶段分别是什么,第三阶段
它有哪些阶段分别是什么,第二阶段
它有哪些阶段分别是什么,第五阶段
它有哪些阶段分别是什么,第四阶段
它的含义是什么,简介
它是什么意思,简介
它是什么,简介
怎么解释这个概念,简介
可以用一句话来描述它吗,简介
它的内容是什么,简介
简要概括它,简介
它的缩写是什么,简称
请简要描述,简述
有哪些组成部分,组成
由什么组成,组成部分
有哪些不足之处,缺点
用英语怎么说,英文名
有哪些需要注意的地方,要点
必要因素,要素
维护它的目的是什么,维护目的
为什么要维护它,维护目的